IP Name,Asset Name,Security Objective,CWE IDs,CAPEC IDs 
des,DES round subkey input (K_sub) in crp module,Confidentiality,"CWE-1240, CWE-1276, CWE-1431","CAPEC-97: Cryptanalysis, CAPEC-545: Pull Data from System Resources"
des,First DES key (56-bit) (key1) in des3 module,Confidentiality,"CWE-1240, CWE-1258, CWE-1431","CAPEC-37: Retrieve Embedded Sensitive Data, CAPEC-97: Cryptanalysis, CAPEC-545: Pull Data from System Resources"
des,Second DES key (56-bit) (key2) in des3 module,Confidentiality,"CWE-1240, CWE-1258, CWE-1431","CAPEC-37: Retrieve Embedded Sensitive Data, CAPEC-97: Cryptanalysis, CAPEC-545: Pull Data from System Resources"
des,Third DES key (56-bit) (key3) in des3 module,Confidentiality,"CWE-1240, CWE-1258, CWE-1431","CAPEC-37: Retrieve Embedded Sensitive Data, CAPEC-97: Cryptanalysis, CAPEC-545: Pull Data from System Resources"
des,Round subkey (48-bit) used in current round (K_sub) in des3 module,Confidentiality,"CWE-1240, CWE-1258, CWE-1431","CAPEC-37: Retrieve Embedded Sensitive Data, CAPEC-97: Cryptanalysis, CAPEC-545: Pull Data from System Resources"
des,Input data block (64-bit) (desIn) in des3 module,Integrity,"CWE-1240, CWE-1276, CWE-1280","CAPEC-97: Cryptanalysis, CAPEC-180: Exploiting Incorrectly Configured Access Control Security Levels, CAPEC-545: Pull Data from System Resources"
des,Input data block (64-bit) (desIn) in des3 module,Confidentiality,"CWE-1240, CWE-1264, CWE-1431","CAPEC-97: Cryptanalysis, CAPEC-233: Privilege Escalation, CAPEC-545: Pull Data from System Resources"
des,Operation mode (encrypt/decrypt) control (decrypt) in des3 module,Integrity,"CWE-440, CWE-1221, CWE-1276","CAPEC-166: Force the System to Reset Values, CAPEC-545: Pull Data from System Resources"
des,Round selection control (roundSel) in des3 module,"Integrity, Availability","CWE-1223, CWE-1231, CWE-1233","CAPEC-26: Leveraging Race Conditions, CAPEC-176: Configuration/Environment Manipulation, CAPEC-545: Pull Data from System Resources, CAPEC-680: Exploitation of Improperly Controlled Registers"
des,Final output data (64-bit) (desOut) in des3 module,"Confidentiality, Availability","CWE-1231, CWE-1233, CWE-1271","CAPEC-74: Manipulating State, CAPEC-176: Configuration/Environment Manipulation, CAPEC-545: Pull Data from System Resources, CAPEC-680: Exploitation of Improperly Controlled Registers"
des,First DES key input (56-bit) (key1) in key_sel3 module,Confidentiality,"CWE-1220, CWE-1240, CWE-1431","CAPEC-97: Cryptanalysis, CAPEC-180: Exploiting Incorrectly Configured Access Control Security Levels, CAPEC-545: Pull Data from System Resources"
des,Second DES key input (56-bit) (key2) in key_sel3 module,Confidentiality,"CWE-1240, CWE-1258, CWE-1431","CAPEC-37: Retrieve Embedded Sensitive Data, CAPEC-97: Cryptanalysis, CAPEC-545: Pull Data from System Resources"
des,Third DES key input (56-bit) (key3) in key_sel3 module,Confidentiality,"CWE-1240, CWE-1276, CWE-1431","CAPEC-97: Cryptanalysis, CAPEC-545: Pull Data from System Resources"
des,Round selector (roundSel) in key_sel3 module,Integrity,"CWE-440, CWE-1220, CWE-1276","CAPEC-180: Exploiting Incorrectly Configured Access Control Security Levels, CAPEC-545: Pull Data from System Resources"
des,Mode select (encrypt/decrypt) (decrypt) in key_sel3 module,Availability,"CWE-440, CWE-1248, CWE-1276",CAPEC-624: Hardware Fault Injection
des,Round subkey output (48-bit) (K_sub) in key_sel3 module,Confidentiality,"CWE-1240, CWE-1276, CWE-1431","CAPEC-97: Cryptanalysis, CAPEC-545: Pull Data from System Resources"
gost28147,Cipher key input (key),Confidentiality,"CWE-1240, CWE-1262, CWE-1272","CAPEC-37: Retrieve Embedded Sensitive Data, CAPEC-97: Cryptanalysis, CAPEC-116: Excavation, CAPEC-680: Exploitation of Improperly Controlled Registers"
gost28147,S-box selection control (select),Integrity,"CWE-440, CWE-1221, CWE-1276","CAPEC-116: Excavation, CAPEC-166: Force the System to Reset Values"
gost28147,Plaintext input (pdata),Confidentiality,"CWE-1220, CWE-1262, CWE-1431","CAPEC-116: Excavation, CAPEC-180: Exploiting Incorrectly Configured Access Control Security Levels, CAPEC-680: Exploitation of Improperly Controlled Registers"
gost28147,Ciphertext output (cdata),Availability,"CWE-440, CWE-1221, CWE-1276","CAPEC-150: Collect Data from Common Resource Locations, CAPEC-166: Force the System to Reset Values"
gost28147,Operation completion indicator (done),Availability,"CWE-440, CWE-1276, CWE-1429",
gost28147,Internal key storage array (K),Confidentiality,"CWE-1243, CWE-1262, CWE-1431","CAPEC-116: Excavation, CAPEC-680: Exploitation of Improperly Controlled Registers"
gost28147,Completion flag register (r_done),Availability,"CWE-440, CWE-1245, CWE-1276",CAPEC-74: Manipulating State
ahb3lite,AHB ready handshake (HREADY),Availability,"CWE-440, CWE-1276, CWE-1318",CAPEC-180: Exploiting Incorrectly Configured Access Control Security Levels
ahb3lite,AHB response status (HRESP),Integrity,"CWE-440, CWE-1318, CWE-1429","CAPEC-180: Exploiting Incorrectly Configured Access Control Security Levels, CAPEC-545: Pull Data from System Resources"
ahb3lite,Read data from bus (HRDATA),Availability,"CWE-1276, CWE-1317, CWE-1318","CAPEC-122: Privilege Abuse, CAPEC-180: Exploiting Incorrectly Configured Access Control Security Levels"
ahb3lite,Write data to AHB bus (HWDATA),Integrity,"CWE-1262, CWE-1276, CWE-1318","CAPEC-180: Exploiting Incorrectly Configured Access Control Security Levels, CAPEC-545: Pull Data from System Resources, CAPEC-680: Exploitation of Improperly Controlled Registers"
ahb3lite,Address to AHB bus (HADDR),Integrity,"CWE-1276, CWE-1317, CWE-1318","CAPEC-122: Privilege Abuse, CAPEC-180: Exploiting Incorrectly Configured Access Control Security Levels, CAPEC-545: Pull Data from System Resources"
ahb3lite,Write control from core (biu_we_i),Integrity,"CWE-1220, CWE-1262, CWE-1318","CAPEC-180: Exploiting Incorrectly Configured Access Control Security Levels, CAPEC-545: Pull Data from System Resources, CAPEC-680: Exploitation of Improperly Controlled Registers"
ahb3lite,Address from core (biu_adri_i),Integrity,"CWE-1276, CWE-1317, CWE-1318","CAPEC-122: Privilege Abuse, CAPEC-180: Exploiting Incorrectly Configured Access Control Security Levels, CAPEC-545: Pull Data from System Resources"
ahb3lite,AHB write command (HWRITE),Integrity,"CWE-1262, CWE-1276, CWE-1318","CAPEC-180: Exploiting Incorrectly Configured Access Control Security Levels, CAPEC-680: Exploitation of Improperly Controlled Registers"
ahb3lite,AHB master select (HSEL),Integrity,"CWE-1276, CWE-1302, CWE-1318","CAPEC-121: Exploit Non-Production Interfaces, CAPEC-180: Exploiting Incorrectly Configured Access Control Security Levels, CAPEC-545: Pull Data from System Resources"
ahb3lite,Core strobe acknowledge (biu_stb_ack_o),Availability,"CWE-440, CWE-1276, CWE-1313",CAPEC-121: Exploit Non-Production Interfaces
ahb3lite,Address mirrored to core (biu_adro_o),Integrity,"CWE-1262, CWE-1276, CWE-1299","CAPEC-456: Infected Memory, CAPEC-545: Pull Data from System Resources, CAPEC-680: Exploitation of Improperly Controlled Registers"
ahb3lite,Transfer acknowledge to core (biu_ack_o),Availability,"CWE-440, CWE-1276, CWE-1429",
ahb3lite,Transfer error flag to core (biu_err_o),Integrity,"CWE-1262, CWE-1276, CWE-1429",CAPEC-680: Exploitation of Improperly Controlled Registers
ahb_m_wishbone,AHB address bus (HADDR),Integrity,"CWE-1262, CWE-1311, CWE-1317","CAPEC-122: Privilege Abuse, CAPEC-180: Exploiting Incorrectly Configured Access Control Security Levels, CAPEC-545: Pull Data from System Resources, CAPEC-680: Exploitation of Improperly Controlled Registers"
ahb_m_wishbone,AHB write data bus (HWDATA),Integrity,"CWE-1262, CWE-1311, CWE-1317","CAPEC-121: Exploit Non-Production Interfaces, CAPEC-122: Privilege Abuse, CAPEC-180: Exploiting Incorrectly Configured Access Control Security Levels, CAPEC-680: Exploitation of Improperly Controlled Registers"
ahb_m_wishbone,AHB write control (HWRITE),Integrity,"CWE-1262, CWE-1280, CWE-1317","CAPEC-122: Privilege Abuse, CAPEC-180: Exploiting Incorrectly Configured Access Control Security Levels, CAPEC-680: Exploitation of Improperly Controlled Registers"
ahb_m_wishbone,AHB slave-select control (HSEL),Integrity,"CWE-1276, CWE-1311, CWE-1317","CAPEC-122: Privilege Abuse, CAPEC-180: Exploiting Incorrectly Configured Access Control Security Levels"
ahb_m_wishbone,AHB ready input (HREADY),Availability,"CWE-1276, CWE-1317, CWE-1318","CAPEC-122: Privilege Abuse, CAPEC-180: Exploiting Incorrectly Configured Access Control Security Levels"
ahb_m_wishbone,Wishbone acknowledge input (wb_ack_i),Availability,"CWE-1276, CWE-1317, CWE-1429","CAPEC-122: Privilege Abuse, CAPEC-545: Pull Data from System Resources"
ahb_m_wishbone,AHB read data bus (HRDATA),Availability,"CWE-1276, CWE-1317, CWE-1318","CAPEC-122: Privilege Abuse, CAPEC-180: Exploiting Incorrectly Configured Access Control Security Levels, CAPEC-545: Pull Data from System Resources"
ahb_m_wishbone,AHB ready output (HREADYOUT),Availability,"CWE-1245, CWE-1276, CWE-1317","CAPEC-74: Manipulating State, CAPEC-122: Privilege Abuse"
ahb_m_wishbone,Wishbone address output (wb_adr_o),Integrity,"CWE-1276, CWE-1311, CWE-1317","CAPEC-122: Privilege Abuse, CAPEC-180: Exploiting Incorrectly Configured Access Control Security Levels, CAPEC-545: Pull Data from System Resources"
ahb_m_wishbone,Wishbone write data output (wb_dat_o),Integrity,"CWE-1262, CWE-1311, CWE-1317","CAPEC-122: Privilege Abuse, CAPEC-180: Exploiting Incorrectly Configured Access Control Security Levels, CAPEC-545: Pull Data from System Resources, CAPEC-680: Exploitation of Improperly Controlled Registers"
ahb_m_wishbone,Wishbone byte select (wb_sel_o),Integrity,"CWE-1262, CWE-1276, CWE-1311","CAPEC-180: Exploiting Incorrectly Configured Access Control Security Levels, CAPEC-545: Pull Data from System Resources, CAPEC-680: Exploitation of Improperly Controlled Registers"
ahb_m_wishbone,Wishbone write enable (wb_we_o),Integrity,"CWE-1262, CWE-1311, CWE-1317","CAPEC-122: Privilege Abuse, CAPEC-180: Exploiting Incorrectly Configured Access Control Security Levels, CAPEC-680: Exploitation of Improperly Controlled Registers"
apb_gpio,APB write data bus (PWDATA),Integrity,"CWE-1220, CWE-1262, CWE-1318","CAPEC-74: Manipulating State, CAPEC-180: Exploiting Incorrectly Configured Access Control Security Levels, CAPEC-680: Exploitation of Improperly Controlled Registers"
apb_gpio,APB write qualifier (PWRITE),Integrity,"CWE-1220, CWE-1262, CWE-1280","CAPEC-74: Manipulating State, CAPEC-180: Exploiting Incorrectly Configured Access Control Security Levels, CAPEC-680: Exploitation of Improperly Controlled Registers"
apb_gpio,APB slave select (PSEL),Integrity,"CWE-1262, CWE-1276, CWE-1318","CAPEC-74: Manipulating State, CAPEC-180: Exploiting Incorrectly Configured Access Control Security Levels, CAPEC-680: Exploitation of Improperly Controlled Registers"
apb_gpio,APB enable phase qualifier (PENABLE),Integrity,"CWE-1262, CWE-1276, CWE-1318","CAPEC-74: Manipulating State, CAPEC-180: Exploiting Incorrectly Configured Access Control Security Levels, CAPEC-680: Exploitation of Improperly Controlled Registers"
apb_gpio,GPIO direction control output (gpio_dir),Integrity,"CWE-1220, CWE-1221, CWE-1262","CAPEC-74: Manipulating State, CAPEC-166: Force the System to Reset Values, CAPEC-180: Exploiting Incorrectly Configured Access Control Security Levels, CAPEC-680: Exploitation of Improperly Controlled Registers"
apb_gpio,APB error response (PSLVERR),Integrity,"CWE-440, CWE-1221, CWE-1276",CAPEC-166: Force the System to Reset Values
apb_gpio,APB read data bus (PRDATA),Availability,"CWE-440, CWE-1220, CWE-1276","CAPEC-74: Manipulating State, CAPEC-180: Exploiting Incorrectly Configured Access Control Security Levels"
apb_gpio,GPIO interrupt output (interrupt),Availability,"CWE-440, CWE-1276, CWE-1318","CAPEC-74: Manipulating State, CAPEC-180: Exploiting Incorrectly Configured Access Control Security Levels"
apb_gpio,GPIO direction register (r_gpio_dir),Integrity,"CWE-440, CWE-1222, CWE-1262","CAPEC-74: Manipulating State, CAPEC-679: Exploitation of Improperly Configured or Implemented Memory Protections, CAPEC-680: Exploitation of Improperly Controlled Registers"
apb_gpio,GPIO enable register (r_gpio_en),Integrity,"CWE-1220, CWE-1221, CWE-1262","CAPEC-74: Manipulating State, CAPEC-166: Force the System to Reset Values, CAPEC-180: Exploiting Incorrectly Configured Access Control Security Levels, CAPEC-680: Exploitation of Improperly Controlled Registers"
axi_adapter,Address input (addr_i),Integrity,"CWE-1220, CWE-1262, CWE-1318","CAPEC-180: Exploiting Incorrectly Configured Access Control Security Levels, CAPEC-680: Exploitation of Improperly Controlled Registers, CAPEC-682: Exploitation of Firmware or ROM Code with Unpatchable Vulnerabilities"
axi_adapter,Write enable (we_i),Integrity,"CWE-1220, CWE-1262, CWE-1280","CAPEC-74: Manipulating State, CAPEC-121: Exploit Non-Production Interfaces, CAPEC-180: Exploiting Incorrectly Configured Access Control Security Levels, CAPEC-680: Exploitation of Improperly Controlled Registers"
axi_adapter,Grant output (gnt_o),Availability,"CWE-1245, CWE-1276, CWE-1429",CAPEC-74: Manipulating State
axi_adapter,Write data bus (wdata_i),Integrity,"CWE-1220, CWE-1262, CWE-1280","CAPEC-180: Exploiting Incorrectly Configured Access Control Security Levels, CAPEC-680: Exploitation of Improperly Controlled Registers"
axi_adapter,Byte enable mask for writes (be_i),Integrity,"CWE-1220, CWE-1262, CWE-1280","CAPEC-180: Exploiting Incorrectly Configured Access Control Security Levels, CAPEC-680: Exploitation of Improperly Controlled Registers"
axi_adapter,Read data valid (valid_o),Availability,"CWE-1245, CWE-1276, CWE-1429",CAPEC-74: Manipulating State
axi_adapter,Read data bus (rdata_o),Availability,"CWE-1245, CWE-1276, CWE-1318","CAPEC-74: Manipulating State, CAPEC-180: Exploiting Incorrectly Configured Access Control Security Levels, CAPEC-682: Exploitation of Firmware or ROM Code with Unpatchable Vulnerabilities"
axi_adapter,Critical word valid (critical_word_valid_o),Availability,"CWE-440, CWE-1245, CWE-1276",CAPEC-74: Manipulating State
AXI_SP32B1024,AXI write address (axi_awaddr),Integrity,"CWE-1220, CWE-1262, CWE-1280","CAPEC-180: Exploiting Incorrectly Configured Access Control Security Levels, CAPEC-680: Exploitation of Improperly Controlled Registers"
AXI_SP32B1024,AXI read address (axi_araddr),Integrity,"CWE-1220, CWE-1262, CWE-1280","CAPEC-180: Exploiting Incorrectly Configured Access Control Security Levels, CAPEC-680: Exploitation of Improperly Controlled Registers"
AXI_SP32B1024,AXI write data (axi_wdata),Integrity,"CWE-1220, CWE-1262, CWE-1280, CWE-1299","CAPEC-180: Exploiting Incorrectly Configured Access Control Security Levels, CAPEC-456: Infected Memory, CAPEC-680: Exploitation of Improperly Controlled Registers"
AXI_SP32B1024,AXI write byte strobes (axi_wstrb),Integrity,"CWE-1220, CWE-1262, CWE-1280","CAPEC-180: Exploiting Incorrectly Configured Access Control Security Levels, CAPEC-680: Exploitation of Improperly Controlled Registers"
AXI_SP32B1024,Chip enable to memory (CEN),Integrity,"CWE-1220, CWE-1276, CWE-1280","CAPEC-121: Exploit Non-Production Interfaces, CAPEC-180: Exploiting Incorrectly Configured Access Control Security Levels"
AXI_SP32B1024,Write enable to memory (WEN),Integrity,"CWE-1262, CWE-1276, CWE-1280","CAPEC-180: Exploiting Incorrectly Configured Access Control Security Levels, CAPEC-680: Exploitation of Improperly Controlled Registers"
AXI_SP32B1024,AXI write data valid (axi_wvalid),Availability,"CWE-1276, CWE-1318, CWE-1429","CAPEC-180: Exploiting Incorrectly Configured Access Control Security Levels, CAPEC-680: Exploitation of Improperly Controlled Registers"
AXI_SP32B1024,AXI read data valid (axi_rvalid),Availability,"CWE-440, CWE-1245, CWE-1276",CAPEC-74: Manipulating State
AXI_SP32B1024,AXI read data bus (axi_rdata),Availability,"CWE-1276, CWE-1318, CWE-1429",CAPEC-180: Exploiting Incorrectly Configured Access Control Security Levels
core_soc_gpio,GPIO output enable control pins (gpio_output_enable_o),Integrity,"CWE-1220, CWE-1221, CWE-1262","CAPEC-74: Manipulating State, CAPEC-166: Force the System to Reset Values, CAPEC-180: Exploiting Incorrectly Configured Access Control Security Levels, CAPEC-680: Exploitation of Improperly Controlled Registers"
core_soc_gpio,Interrupt request output (intr_o),Availability,"CWE-440, CWE-1221, CWE-1276","CAPEC-74: Manipulating State, CAPEC-166: Force the System to Reset Values"
core_soc_gpio,GPIO direction register (output enables) (gpio_direction_output_q),Integrity,"CWE-1220, CWE-1221, CWE-1262","CAPEC-74: Manipulating State, CAPEC-166: Force the System to Reset Values, CAPEC-180: Exploiting Incorrectly Configured Access Control Security Levels, CAPEC-680: Exploitation of Improperly Controlled Registers"
core_soc_gpio,GPIO interrupt mask register (gpio_int_mask_enable_q),Integrity,"CWE-1220, CWE-1224, CWE-1262","CAPEC-74: Manipulating State, CAPEC-180: Exploiting Incorrectly Configured Access Control Security Levels, CAPEC-680: Exploitation of Improperly Controlled Registers"
core_soc_gpio,Read valid state (rvalid_q),Availability,"CWE-440, CWE-1245, CWE-1276",CAPEC-74: Manipulating State
gpioDevice,Peripheral device enable (peripheralEnable),Integrity,"CWE-1220, CWE-1262, CWE-1276","CAPEC-180: Exploiting Incorrectly Configured Access Control Security Levels, CAPEC-680: Exploitation of Improperly Controlled Registers"
gpioDevice,Bus write enable (peripheralBus_we),Integrity,"CWE-1220, CWE-1262, CWE-1280","CAPEC-74: Manipulating State, CAPEC-180: Exploiting Incorrectly Configured Access Control Security Levels, CAPEC-680: Exploitation of Improperly Controlled Registers"
gpioDevice,Peripheral bus address (peripheralBus_address),Integrity,"CWE-1220, CWE-1262, CWE-1276","CAPEC-180: Exploiting Incorrectly Configured Access Control Security Levels, CAPEC-680: Exploitation of Improperly Controlled Registers"
gpioDevice,Peripheral bus read data (peripheralBus_dataRead),Availability,"CWE-440, CWE-1221, CWE-1276","CAPEC-74: Manipulating State, CAPEC-166: Force the System to Reset Values"
gpioDevice,Peripheral bus write data (peripheralBus_dataWrite),Integrity,"CWE-1220, CWE-1262, CWE-1276","CAPEC-74: Manipulating State, CAPEC-180: Exploiting Incorrectly Configured Access Control Security Levels, CAPEC-680: Exploitation of Improperly Controlled Registers"
gpioDevice,GPIO output enables (gpio_oe),Integrity,"CWE-1220, CWE-1221, CWE-1262","CAPEC-74: Manipulating State, CAPEC-166: Force the System to Reset Values, CAPEC-180: Exploiting Incorrectly Configured Access Control Security Levels, CAPEC-680: Exploitation of Improperly Controlled Registers"
gpioDevice,Interrupt request output (gpio_irq),Availability,"CWE-440, CWE-1276, CWE-1320","CAPEC-74: Manipulating State, CAPEC-180: Exploiting Incorrectly Configured Access Control Security Levels"
gpio,Read address bus (sb_araddr),Integrity,"CWE-1220, CWE-1262, CWE-1280","CAPEC-74: Manipulating State, CAPEC-180: Exploiting Incorrectly Configured Access Control Security Levels, CAPEC-680: Exploitation of Improperly Controlled Registers"
gpio,Read data valid handshake (sb_rvalid),Availability,"CWE-440, CWE-1276, CWE-1429",CAPEC-74: Manipulating State
gpio,Read data ready handshake (sb_rready),Availability,"CWE-440, CWE-1276, CWE-1429",
gpio,Read data bus (sb_rdata),Availability,"CWE-440, CWE-1221, CWE-1276","CAPEC-74: Manipulating State, CAPEC-166: Force the System to Reset Values"
gpio,Read address valid handshake (sb_arvalid),Availability,"CWE-440, CWE-1221, CWE-1276","CAPEC-74: Manipulating State, CAPEC-166: Force the System to Reset Values"
gpio,Write data valid handshake (sb_wvalid),Availability,"CWE-440, CWE-1221, CWE-1276","CAPEC-74: Manipulating State, CAPEC-166: Force the System to Reset Values"
gpio,Write data ready handshake (sb_wready),Availability,"CWE-440, CWE-1221, CWE-1276","CAPEC-74: Manipulating State, CAPEC-166: Force the System to Reset Values"
gpio,Write address bus (sb_waddr),Integrity,"CWE-1220, CWE-1262, CWE-1280","CAPEC-74: Manipulating State, CAPEC-180: Exploiting Incorrectly Configured Access Control Security Levels, CAPEC-680: Exploitation of Improperly Controlled Registers"
gpio,Write data bus (sb_wdata),Integrity,"CWE-1220, CWE-1221, CWE-1262","CAPEC-74: Manipulating State, CAPEC-166: Force the System to Reset Values, CAPEC-180: Exploiting Incorrectly Configured Access Control Security Levels, CAPEC-680: Exploitation of Improperly Controlled Registers"
gpio_s,Register address bus used to select internal registers (addr),Integrity,"CWE-1220, CWE-1262, CWE-1263","CAPEC-74: Manipulating State, CAPEC-180: Exploiting Incorrectly Configured Access Control Security Levels, CAPEC-401: Physically Hacking Hardware, CAPEC-680: Exploitation of Improperly Controlled Registers"
gpio_s,I/O direction register (IO_DIR),Integrity,"CWE-1220, CWE-1221, CWE-1262","CAPEC-74: Manipulating State, CAPEC-166: Force the System to Reset Values, CAPEC-180: Exploiting Incorrectly Configured Access Control Security Levels, CAPEC-680: Exploitation of Improperly Controlled Registers"
gpio_s,Interrupt flags register (INTFLAGS),Integrity,"CWE-1220, CWE-1262","CAPEC-74: Manipulating State, CAPEC-180: Exploiting Incorrectly Configured Access Control Security Levels, CAPEC-680: Exploitation of Improperly Controlled Registers"
hmac,HMAC operation complete interrupt (intr_hmac_done_o) in hmac module,Availability,"CWE-440, CWE-1276, CWE-1429",CAPEC-150: Collect Data from Common Resource Locations
hmac,HMAC error interrupt (intr_hmac_err_o) in hmac module,Integrity,"CWE-440, CWE-1276, CWE-1429",CAPEC-150: Collect Data from Common Resource Locations
hmac,Secret key storage (secret_key) in hmac module,Confidentiality,"CWE-1258, CWE-1262, CWE-1431","CAPEC-37: Retrieve Embedded Sensitive Data, CAPEC-150: Collect Data from Common Resource Locations, CAPEC-680: Exploitation of Improperly Controlled Registers"
hmac,HMAC enable configuration (hmac_en) in hmac module,Integrity,"CWE-1221, CWE-1262, CWE-1280","CAPEC-150: Collect Data from Common Resource Locations, CAPEC-166: Force the System to Reset Values, CAPEC-180: Exploiting Incorrectly Configured Access Control Security Levels, CAPEC-680: Exploitation of Improperly Controlled Registers"
hmac,SHA enable configuration (sha_en) in hmac module,Integrity,"CWE-1262, CWE-1276, CWE-1280","CAPEC-150: Collect Data from Common Resource Locations, CAPEC-180: Exploiting Incorrectly Configured Access Control Security Levels, CAPEC-680: Exploitation of Improperly Controlled Registers"
hmac,Hash start command (CSR-driven) (reg_hash_start) in hmac module,Integrity,"CWE-1220, CWE-1262, CWE-1280","CAPEC-150: Collect Data from Common Resource Locations, CAPEC-180: Exploiting Incorrectly Configured Access Control Security Levels, CAPEC-680: Exploitation of Improperly Controlled Registers"
hmac,Effective start gating (hash_start) in hmac module,Integrity,"CWE-1262, CWE-1279, CWE-1280","CAPEC-97: Cryptanalysis, CAPEC-150: Collect Data from Common Resource Locations, CAPEC-180: Exploiting Incorrectly Configured Access Control Security Levels, CAPEC-680: Exploitation of Improperly Controlled Registers"
hmac,Hash done (core-to-top) status (reg_hash_done) in hmac module,Availability,"CWE-440, CWE-1276, CWE-1429",CAPEC-150: Collect Data from Common Resource Locations
hmac,SHA start control (sha_hash_start) in hmac module,Integrity,"CWE-1262, CWE-1276, CWE-1280","CAPEC-150: Collect Data from Common Resource Locations, CAPEC-180: Exploiting Incorrectly Configured Access Control Security Levels, CAPEC-680: Exploitation of Improperly Controlled Registers"
hmac,SHA done status (sha_hash_done) in hmac module,Availability,"CWE-440, CWE-1245, CWE-1276","CAPEC-74: Manipulating State, CAPEC-150: Collect Data from Common Resource Locations"
hmac,FIFO write valid (fifo_wvalid) in hmac module,Availability,"CWE-1245, CWE-1248, CWE-1276","CAPEC-74: Manipulating State, CAPEC-624: Hardware Fault Injection"
hmac,FIFO write ready (fifo_wready) in hmac module,Availability,"CWE-1245, CWE-1276, CWE-1429",CAPEC-74: Manipulating State
hmac,Secret key for HMAC (secret_key) in hmac_core module,Confidentiality,"CWE-1258, CWE-1262, CWE-1431","CAPEC-37: Retrieve Embedded Sensitive Data, CAPEC-150: Collect Data from Common Resource Locations, CAPEC-680: Exploitation of Improperly Controlled Registers"
hmac,HMAC mode enable (hmac_en) in hmac_core module,Integrity,"CWE-1221, CWE-1262, CWE-1280","CAPEC-150: Collect Data from Common Resource Locations, CAPEC-166: Force the System to Reset Values, CAPEC-180: Exploiting Incorrectly Configured Access Control Security Levels, CAPEC-680: Exploitation of Improperly Controlled Registers"
hmac,Host start of hash operation (reg_hash_start) in hmac_core module,Integrity,"CWE-1262, CWE-1276, CWE-1280","CAPEC-150: Collect Data from Common Resource Locations, CAPEC-180: Exploiting Incorrectly Configured Access Control Security Levels, CAPEC-680: Exploitation of Improperly Controlled Registers"
hmac,HMAC operation done status (hash_done) in hmac_core module,Availability,"CWE-440, CWE-1248, CWE-1276",CAPEC-624: Hardware Fault Injection
hmac,SHA data valid towards SHA engine (sha_rvalid) in hmac_core module,Availability,"CWE-440, CWE-1248, CWE-1276","CAPEC-150: Collect Data from Common Resource Locations, CAPEC-624: Hardware Fault Injection"
hmac,Integrity error alert output (intg_err_o) in hmac_reg_top module,Integrity,"CWE-440, CWE-1262, CWE-1429","CAPEC-150: Collect Data from Common Resource Locations, CAPEC-680: Exploitation of Improperly Controlled Registers"
hmac,SHA enable control (sha_en) in sha2 module,Integrity,"CWE-1220, CWE-1262, CWE-1276","CAPEC-150: Collect Data from Common Resource Locations, CAPEC-180: Exploiting Incorrectly Configured Access Control Security Levels, CAPEC-680: Exploitation of Improperly Controlled Registers"
hmac,Hash start control (hash_start) in sha2 module,Integrity,"CWE-1262, CWE-1279, CWE-1280","CAPEC-97: Cryptanalysis, CAPEC-150: Collect Data from Common Resource Locations, CAPEC-180: Exploiting Incorrectly Configured Access Control Security Levels, CAPEC-680: Exploitation of Improperly Controlled Registers"
hmac,Hash done status (hash_done) in sha2 module,Availability,"CWE-440, CWE-1276, CWE-1429",CAPEC-150: Collect Data from Common Resource Locations
hmac,SHA sub-system enable (sha_en) in sha2_pad module,Integrity,"CWE-1262, CWE-1276, CWE-1280","CAPEC-150: Collect Data from Common Resource Locations, CAPEC-180: Exploiting Incorrectly Configured Access Control Security Levels, CAPEC-680: Exploitation of Improperly Controlled Registers"
hmac,Hash operation start control (hash_start) in sha2_pad module,Integrity,"CWE-1262, CWE-1276, CWE-1280","CAPEC-150: Collect Data from Common Resource Locations, CAPEC-180: Exploiting Incorrectly Configured Access Control Security Levels, CAPEC-680: Exploitation of Improperly Controlled Registers"
hmac,Hash completion indicator from engine (hash_done) in sha2_pad module,Availability,"CWE-440, CWE-1245, CWE-1276","CAPEC-74: Manipulating State, CAPEC-150: Collect Data from Common Resource Locations"
keymgr,KMAC masking configuration indicator (kmac_en_masking_i) in keymgr module,Integrity,"CWE-440, CWE-1221, CWE-1276","CAPEC-121: Exploit Non-Production Interfaces, CAPEC-166: Force the System to Reset Values, CAPEC-682: Exploitation of Firmware or ROM Code with Unpatchable Vulnerabilities"
keymgr,Key input valid (key_vld) in keymgr module,Availability,"CWE-1221, CWE-1245, CWE-1276","CAPEC-74: Manipulating State, CAPEC-166: Force the System to Reset Values"
keymgr,Configuration global enable input (en_i) in keymgr_cfg_en module,Integrity,"CWE-1220, CWE-1262, CWE-1276","CAPEC-121: Exploit Non-Production Interfaces, CAPEC-180: Exploiting Incorrectly Configured Access Control Security Levels, CAPEC-680: Exploitation of Improperly Controlled Registers, CAPEC-682: Exploitation of Firmware or ROM Code with Unpatchable Vulnerabilities"
keymgr,Lifecycle enable control (en_i) in keymgr_ctrl module,Integrity,"CWE-1220, CWE-1262, CWE-1276","CAPEC-180: Exploiting Incorrectly Configured Access Control Security Levels, CAPEC-680: Exploitation of Improperly Controlled Registers, CAPEC-682: Exploitation of Firmware or ROM Code with Unpatchable Vulnerabilities"
keymgr,Operation start strobe (op_start_i) in keymgr_ctrl module,Integrity,"CWE-1262, CWE-1276, CWE-1280","CAPEC-121: Exploit Non-Production Interfaces, CAPEC-180: Exploiting Incorrectly Configured Access Control Security Levels, CAPEC-680: Exploitation of Improperly Controlled Registers"
keymgr,KMAC operation done indicator (kmac_done_i) in keymgr_ctrl module,Availability,"CWE-440, CWE-1245, CWE-1276",CAPEC-74: Manipulating State
keymgr,External entropy input (shares) (entropy_i) in keymgr_ctrl module,Integrity,"CWE-1221, CWE-1262, CWE-1276","CAPEC-166: Force the System to Reset Values, CAPEC-680: Exploitation of Improperly Controlled Registers"
keymgr,PRNG reseed done (prng_reseed_done_i) in keymgr_ctrl module,Availability,"CWE-440, CWE-1245, CWE-1276",CAPEC-74: Manipulating State
keymgr,PRNG reseed acknowledge (prng_reseed_ack_i) in keymgr_ctrl module,Availability,"CWE-440, CWE-1221, CWE-1276",CAPEC-166: Force the System to Reset Values
keymgr,Operation done output (op_done_o) in keymgr_ctrl module,Availability,"CWE-440, CWE-1248, CWE-1276",CAPEC-624: Hardware Fault Injection
keymgr,Data valid during KMAC update (data_valid_o) in keymgr_ctrl module,Availability,"CWE-440, CWE-1245, CWE-1276",CAPEC-74: Manipulating State
keymgr,Sideload select error (sideload_sel_err_i) in keymgr_ctrl module,Integrity,"CWE-1220, CWE-1262, CWE-1276","CAPEC-180: Exploiting Incorrectly Configured Access Control Security Levels, CAPEC-680: Exploitation of Improperly Controlled Registers, CAPEC-682: Exploitation of Firmware or ROM Code with Unpatchable Vulnerabilities"
keymgr,Data enable FSM error (data_fsm_err) in keymgr_ctrl module,Integrity,"CWE-440, CWE-1276, CWE-1280","CAPEC-180: Exploiting Incorrectly Configured Access Control Security Levels, CAPEC-682: Exploitation of Firmware or ROM Code with Unpatchable Vulnerabilities"
keymgr,Hardware vs. software path selector (multi-bit boolean) (hw_sel_i) in keymgr_data_en_state module,Integrity,"CWE-1220, CWE-1262, CWE-1276","CAPEC-121: Exploit Non-Production Interfaces, CAPEC-180: Exploiting Incorrectly Configured Access Control Security Levels, CAPEC-680: Exploitation of Improperly Controlled Registers"
keymgr,Advance operation enable (adv_en_i) in keymgr_data_en_state module,Integrity,"CWE-440, CWE-1276, CWE-1280","CAPEC-180: Exploiting Incorrectly Configured Access Control Security Levels, CAPEC-682: Exploitation of Firmware or ROM Code with Unpatchable Vulnerabilities"
keymgr,Identity operation enable (id_en_i) in keymgr_data_en_state module,Integrity,"CWE-1262, CWE-1276, CWE-1280","CAPEC-180: Exploiting Incorrectly Configured Access Control Security Levels, CAPEC-680: Exploitation of Improperly Controlled Registers, CAPEC-682: Exploitation of Firmware or ROM Code with Unpatchable Vulnerabilities"
keymgr,Operation completion indicator (op_done_i) in keymgr_data_en_state module,Availability,"CWE-440, CWE-1245, CWE-1276",CAPEC-74: Manipulating State
keymgr,Operation start indicator (op_start_i) in keymgr_data_en_state module,Availability,"CWE-440, CWE-1245, CWE-1248","CAPEC-74: Manipulating State, CAPEC-624: Hardware Fault Injection"
keymgr,FSM error flag (fsm_err_o) in keymgr_data_en_state module,Integrity,"CWE-440, CWE-1220, CWE-1280",CAPEC-180: Exploiting Incorrectly Configured Access Control Security Levels
keymgr,Sideload selection error (sideload_sel_err_i) in keymgr_err module,Integrity,"CWE-440, CWE-1262, CWE-1276","CAPEC-680: Exploitation of Improperly Controlled Registers, CAPEC-682: Exploitation of Firmware or ROM Code with Unpatchable Vulnerabilities"
keymgr,Register file integrity error (regfile_intg_err_i) in keymgr_err module,Integrity,"CWE-1221, CWE-1262, CWE-1280","CAPEC-166: Force the System to Reset Values, CAPEC-180: Exploiting Incorrectly Configured Access Control Security Levels, CAPEC-680: Exploitation of Improperly Controlled Registers"
keymgr,Control FSM integrity error (ctrl_fsm_err_i) in keymgr_err module,Integrity,"CWE-440, CWE-1220, CWE-1276","CAPEC-180: Exploiting Incorrectly Configured Access Control Security Levels, CAPEC-682: Exploitation of Firmware or ROM Code with Unpatchable Vulnerabilities"
keymgr,Operation done strobe (op_done_i) in keymgr_err module,Availability,"CWE-440, CWE-1245, CWE-1276","CAPEC-74: Manipulating State, CAPEC-682: Exploitation of Firmware or ROM Code with Unpatchable Vulnerabilities"
keymgr,Final error code vector (error_o) in keymgr_err module,Integrity,"CWE-440, CWE-1220, CWE-1429",CAPEC-180: Exploiting Incorrectly Configured Access Control Security Levels
keymgr,Key version value to check (key_version_i) in keymgr_input_checks module,Integrity,"CWE-1220, CWE-1262, CWE-1280","CAPEC-180: Exploiting Incorrectly Configured Access Control Security Levels, CAPEC-680: Exploitation of Improperly Controlled Registers, CAPEC-682: Exploitation of Firmware or ROM Code with Unpatchable Vulnerabilities"
keymgr,Creator seed validity flag (creator_seed_vld_o) in keymgr_input_checks module,Availability,"CWE-440, CWE-1221, CWE-1276",CAPEC-166: Force the System to Reset Values
keymgr,Owner seed validity flag (owner_seed_vld_o) in keymgr_input_checks module,Availability,"CWE-440, CWE-1245, CWE-1276",CAPEC-74: Manipulating State
keymgr,Health state validity flag (health_state_vld_o) in keymgr_input_checks module,Availability,"CWE-440, CWE-1245, CWE-1276",CAPEC-74: Manipulating State
keymgr,Key version check result (key_version_vld_o) in keymgr_input_checks module,Availability,"CWE-440, CWE-1245, CWE-1276",CAPEC-74: Manipulating State
keymgr,Key material validity flag (key_vld_o) in keymgr_input_checks module,Availability,"CWE-1221, CWE-1245, CWE-1276","CAPEC-74: Manipulating State, CAPEC-166: Force the System to Reset Values"
keymgr,Advance enable control (adv_en_i) in keymgr_kmac_if module,Integrity,"CWE-440, CWE-1262, CWE-1276","CAPEC-680: Exploitation of Improperly Controlled Registers, CAPEC-682: Exploitation of Firmware or ROM Code with Unpatchable Vulnerabilities"
keymgr,Identity enable control (id_en_i) in keymgr_kmac_if module,Integrity,"CWE-440, CWE-1220, CWE-1276","CAPEC-121: Exploit Non-Production Interfaces, CAPEC-180: Exploiting Incorrectly Configured Access Control Security Levels"
keymgr,FSM error status (fsm_error_o) in keymgr_kmac_if module,Integrity,"CWE-440, CWE-1244, CWE-1429",CAPEC-114: Authentication Abuse
keymgr,KMAC-reported error (kmac_error_o) in keymgr_kmac_if module,Integrity,"CWE-440, CWE-1276, CWE-1429",CAPEC-682: Exploitation of Firmware or ROM Code with Unpatchable Vulnerabilities
keymgr,KMAC done timing error (kmac_done_error_o) in keymgr_kmac_if module,Integrity,"CWE-440, CWE-1276, CWE-1429",CAPEC-682: Exploitation of Firmware or ROM Code with Unpatchable Vulnerabilities
keymgr,Command consistency/one-hot error (cmd_error_o) in keymgr_kmac_if module,Integrity,"CWE-440, CWE-1220, CWE-1262","CAPEC-180: Exploiting Incorrectly Configured Access Control Security Levels, CAPEC-680: Exploitation of Improperly Controlled Registers, CAPEC-682: Exploitation of Firmware or ROM Code with Unpatchable Vulnerabilities"
keymgr,Operation completion indicator (done_o) in keymgr_kmac_if module,Availability,"CWE-440, CWE-1245, CWE-1276",CAPEC-74: Manipulating State
keymgr,Entropy shares input (entropy_i) in keymgr_kmac_if module,Integrity,"CWE-1220, CWE-1256, CWE-1276","CAPEC-180: Exploiting Incorrectly Configured Access Control Security Levels, CAPEC-624: Hardware Fault Injection, CAPEC-682: Exploitation of Firmware or ROM Code with Unpatchable Vulnerabilities"
keymgr,KMAC done indicator input (kmac_done_i) in keymgr_op_state_ctrl module,Availability,"CWE-440, CWE-1245, CWE-1276",CAPEC-74: Manipulating State
keymgr,Operation acknowledge output (op_ack_o) in keymgr_op_state_ctrl module,Availability,"CWE-440, CWE-1245, CWE-1276",CAPEC-74: Manipulating State
keymgr,Operation busy status output (op_busy_o) in keymgr_op_state_ctrl module,Availability,"CWE-1245, CWE-1248, CWE-1276","CAPEC-74: Manipulating State, CAPEC-624: Hardware Fault Injection"
keymgr,FSM error indication output (op_fsm_err_o) in keymgr_op_state_ctrl module,Integrity,"CWE-440, CWE-1276, CWE-1429",
keymgr,Shadowed storage error indicator (shadowed_storage_err_o) in keymgr_reg_top module,Integrity,"CWE-440, CWE-1221, CWE-1276, CWE-1280","CAPEC-121: Exploit Non-Production Interfaces, CAPEC-166: Force the System to Reset Values, CAPEC-180: Exploiting Incorrectly Configured Access Control Security Levels"
keymgr,Shadowed update error indicator (shadowed_update_err_o) in keymgr_reg_top module,Integrity,"CWE-1220, CWE-1262, CWE-1299","CAPEC-121: Exploit Non-Production Interfaces, CAPEC-180: Exploiting Incorrectly Configured Access Control Security Levels, CAPEC-456: Infected Memory, CAPEC-680: Exploitation of Improperly Controlled Registers"
keymgr,TL-UL integrity error indicator (intg_err_o) in keymgr_reg_top module,Integrity,"CWE-1220, CWE-1262, CWE-1276","CAPEC-180: Exploiting Incorrectly Configured Access Control Security Levels, CAPEC-680: Exploitation of Improperly Controlled Registers"
keymgr,Reseed request control input (reseed_req_i) in keymgr_reseed_ctrl module,Integrity,"CWE-1220, CWE-1262, CWE-1276","CAPEC-180: Exploiting Incorrectly Configured Access Control Security Levels, CAPEC-680: Exploitation of Improperly Controlled Registers, CAPEC-682: Exploitation of Firmware or ROM Code with Unpatchable Vulnerabilities"
keymgr,Reseed completion acknowledgement to requester (reseed_ack_o) in keymgr_reseed_ctrl module,Availability,"CWE-440, CWE-1276, CWE-1429",
keymgr,Reseed counter error flag (cnt_err_o) in keymgr_reseed_ctrl module,Integrity,"CWE-440, CWE-1221, CWE-1276","CAPEC-166: Force the System to Reset Values, CAPEC-682: Exploitation of Firmware or ROM Code with Unpatchable Vulnerabilities"
keymgr,Module enable control (en_i) in keymgr_sideload_key module,Integrity,"CWE-1262, CWE-1276, CWE-1280","CAPEC-180: Exploiting Incorrectly Configured Access Control Security Levels, CAPEC-680: Exploitation of Improperly Controlled Registers, CAPEC-682: Exploitation of Firmware or ROM Code with Unpatchable Vulnerabilities"
keymgr,Set-path enable (selects real key vs entropy on set) (set_en_i) in keymgr_sideload_key module,Integrity,"CWE-1262, CWE-1276, CWE-1280","CAPEC-180: Exploiting Incorrectly Configured Access Control Security Levels, CAPEC-680: Exploitation of Improperly Controlled Registers, CAPEC-682: Exploitation of Firmware or ROM Code with Unpatchable Vulnerabilities"
keymgr,Entropy input for wiping/dummy key generation (entropy_i) in keymgr_sideload_key module,Integrity,"CWE-1220, CWE-1256, CWE-1276","CAPEC-180: Exploiting Incorrectly Configured Access Control Security Levels, CAPEC-624: Hardware Fault Injection, CAPEC-682: Exploitation of Firmware or ROM Code with Unpatchable Vulnerabilities"
keymgr,Sideload key input shares (key_i) in keymgr_sideload_key module,Confidentiality,"CWE-1262, CWE-1276, CWE-1431","CAPEC-204: Lifting Sensitive Data Embedded in Cache, CAPEC-680: Exploitation of Improperly Controlled Registers"
keymgr,Sideload key output shares (key_o) in keymgr_sideload_key module,Confidentiality,"CWE-1244, CWE-1262, CWE-1431","CAPEC-114: Authentication Abuse, CAPEC-204: Lifting Sensitive Data Embedded in Cache, CAPEC-680: Exploitation of Improperly Controlled Registers"
keymgr,Key valid output flag (valid_o) in keymgr_sideload_key module,Availability,"CWE-440, CWE-1245, CWE-1276",CAPEC-74: Manipulating State
keymgr,Entropy shares input (entropy_i) in keymgr_sideload_key_ctrl module,Integrity,"CWE-1256, CWE-1262, CWE-1276","CAPEC-624: Hardware Fault Injection, CAPEC-680: Exploitation of Improperly Controlled Registers, CAPEC-682: Exploitation of Firmware or ROM Code with Unpatchable Vulnerabilities"
keymgr,PRNG enable request (prng_en_o) in keymgr_sideload_key_ctrl module,Integrity,"CWE-440, CWE-1221, CWE-1276","CAPEC-166: Force the System to Reset Values, CAPEC-188: Reverse Engineering"
keymgr,Sideload selection error flag (sideload_sel_err_o) in keymgr_sideload_key_ctrl module,Integrity,"CWE-440, CWE-1220, CWE-1262","CAPEC-180: Exploiting Incorrectly Configured Access Control Security Levels, CAPEC-680: Exploitation of Improperly Controlled Registers, CAPEC-682: Exploitation of Firmware or ROM Code with Unpatchable Vulnerabilities"
keymgr,FSM error flag (fsm_err_o) in keymgr_sideload_key_ctrl module,Integrity,"CWE-440, CWE-1220, CWE-1244","CAPEC-114: Authentication Abuse, CAPEC-180: Exploiting Incorrectly Configured Access Control Security Levels, CAPEC-682: Exploitation of Firmware or ROM Code with Unpatchable Vulnerabilities"
omsp_gpio,Peripheral enable (per_en),Integrity,"CWE-1220, CWE-1262, CWE-1280","CAPEC-74: Manipulating State, CAPEC-180: Exploiting Incorrectly Configured Access Control Security Levels, CAPEC-680: Exploitation of Improperly Controlled Registers"
omsp_gpio,Peripheral write enable byte strobes (per_we),Integrity,"CWE-1220, CWE-1224, CWE-1262","CAPEC-74: Manipulating State, CAPEC-180: Exploiting Incorrectly Configured Access Control Security Levels, CAPEC-680: Exploitation of Improperly Controlled Registers"
omsp_gpio,Port 1 output enable mask (p1_dout_en),Integrity,"CWE-1221, CWE-1262, CWE-1276","CAPEC-166: Force the System to Reset Values, CAPEC-680: Exploitation of Improperly Controlled Registers"
omsp_gpio,Port 2 output enable mask (p2_dout_en),Integrity,"CWE-1220, CWE-1221, CWE-1262","CAPEC-166: Force the System to Reset Values, CAPEC-180: Exploiting Incorrectly Configured Access Control Security Levels, CAPEC-680: Exploitation of Improperly Controlled Registers"
omsp_gpio,Port 3 output enable mask (p3_dout_en),Integrity,"CWE-1221, CWE-1262, CWE-1263","CAPEC-166: Force the System to Reset Values, CAPEC-401: Physically Hacking Hardware, CAPEC-680: Exploitation of Improperly Controlled Registers"
omsp_gpio,Port 4 output enable mask (p4_dout_en),Integrity,"CWE-1220, CWE-1221, CWE-1262","CAPEC-166: Force the System to Reset Values, CAPEC-180: Exploiting Incorrectly Configured Access Control Security Levels, CAPEC-680: Exploitation of Improperly Controlled Registers"
omsp_gpio,Port 5 output enable mask (p5_dout_en),Integrity,"CWE-1220, CWE-1221, CWE-1262","CAPEC-166: Force the System to Reset Values, CAPEC-180: Exploiting Incorrectly Configured Access Control Security Levels, CAPEC-680: Exploitation of Improperly Controlled Registers"
omsp_gpio,Port 6 output enable mask (p6_dout_en),Integrity,"CWE-1220, CWE-1221, CWE-1262","CAPEC-166: Force the System to Reset Values, CAPEC-180: Exploiting Incorrectly Configured Access Control Security Levels, CAPEC-680: Exploitation of Improperly Controlled Registers"
omsp_gpio,Port 1 function select (p1_sel),Integrity,"CWE-1220, CWE-1262, CWE-1263","CAPEC-74: Manipulating State, CAPEC-180: Exploiting Incorrectly Configured Access Control Security Levels, CAPEC-401: Physically Hacking Hardware, CAPEC-680: Exploitation of Improperly Controlled Registers"
omsp_gpio,Port 2 function select (p2_sel),Integrity,"CWE-1221, CWE-1262, CWE-1276","CAPEC-74: Manipulating State, CAPEC-166: Force the System to Reset Values, CAPEC-680: Exploitation of Improperly Controlled Registers"
omsp_gpio,Port 3 function select (p3_sel),Integrity,"CWE-1220, CWE-1262, CWE-1276","CAPEC-180: Exploiting Incorrectly Configured Access Control Security Levels, CAPEC-680: Exploitation of Improperly Controlled Registers"
omsp_gpio,Port 4 function select (p4_sel),Integrity,"CWE-1220, CWE-1221, CWE-1262","CAPEC-74: Manipulating State, CAPEC-166: Force the System to Reset Values, CAPEC-180: Exploiting Incorrectly Configured Access Control Security Levels, CAPEC-680: Exploitation of Improperly Controlled Registers"
omsp_gpio,Port 5 function select (p5_sel),Integrity,"CWE-1220, CWE-1262, CWE-1276","CAPEC-180: Exploiting Incorrectly Configured Access Control Security Levels, CAPEC-680: Exploitation of Improperly Controlled Registers"
omsp_gpio,Port 6 function select (p6_sel),Integrity,"CWE-1220, CWE-1262, CWE-1276","CAPEC-180: Exploiting Incorrectly Configured Access Control Security Levels, CAPEC-680: Exploitation of Improperly Controlled Registers"
omsp_gpio,Port 1 interrupt request (irq_port1),Availability,"CWE-440, CWE-1221, CWE-1276","CAPEC-74: Manipulating State, CAPEC-166: Force the System to Reset Values"
omsp_gpio,Port 2 interrupt request (irq_port2),Availability,"CWE-440, CWE-1221, CWE-1276","CAPEC-166: Force the System to Reset Values, CAPEC-680: Exploitation of Improperly Controlled Registers"
omsp_gpio,Port 1 direction register (p1dir),Integrity,"CWE-1220, CWE-1221, CWE-1262","CAPEC-166: Force the System to Reset Values, CAPEC-180: Exploiting Incorrectly Configured Access Control Security Levels, CAPEC-680: Exploitation of Improperly Controlled Registers"
omsp_gpio,Port 2 direction register (p2dir),Integrity,"CWE-1220, CWE-1221, CWE-1262","CAPEC-166: Force the System to Reset Values, CAPEC-180: Exploiting Incorrectly Configured Access Control Security Levels, CAPEC-680: Exploitation of Improperly Controlled Registers"
omsp_gpio,Port 3 direction register (p3dir),Integrity,"CWE-1220, CWE-1221, CWE-1262","CAPEC-166: Force the System to Reset Values, CAPEC-180: Exploiting Incorrectly Configured Access Control Security Levels, CAPEC-680: Exploitation of Improperly Controlled Registers"
omsp_gpio,Port 4 direction register (p4dir),Integrity,"CWE-1220, CWE-1221, CWE-1262","CAPEC-166: Force the System to Reset Values, CAPEC-180: Exploiting Incorrectly Configured Access Control Security Levels, CAPEC-680: Exploitation of Improperly Controlled Registers"
omsp_gpio,Port 5 direction register (p5dir),Integrity,"CWE-1220, CWE-1221, CWE-1262","CAPEC-166: Force the System to Reset Values, CAPEC-180: Exploiting Incorrectly Configured Access Control Security Levels, CAPEC-680: Exploitation of Improperly Controlled Registers"
omsp_gpio,Port 6 direction register (p6dir),Integrity,"CWE-1220, CWE-1221, CWE-1262","CAPEC-166: Force the System to Reset Values, CAPEC-180: Exploiting Incorrectly Configured Access Control Security Levels, CAPEC-680: Exploitation of Improperly Controlled Registers"
ot_gpio,GPIO interrupt output (intr_gpio_o) in gpio module,Availability,"CWE-440, CWE-1276, CWE-1320",CAPEC-180: Exploiting Incorrectly Configured Access Control Security Levels
ot_gpio,GPIO output enable pins (cio_gpio_en_o) in gpio module,Integrity,"CWE-1221, CWE-1262, CWE-1276","CAPEC-166: Force the System to Reset Values, CAPEC-680: Exploitation of Improperly Controlled Registers"
ot_gpio,Internal alert request vector (alerts) in gpio module,Integrity,"CWE-1220, CWE-1262, CWE-1276","CAPEC-180: Exploiting Incorrectly Configured Access Control Security Levels, CAPEC-680: Exploitation of Improperly Controlled Registers"
ot_gpio,Register write enable (reg_we) in gpio_reg_top module,"Integrity, Availability","CWE-1223, CWE-1231, CWE-1233","CAPEC-26: Leveraging Race Conditions, CAPEC-176: Configuration/Environment Manipulation, CAPEC-680: Exploitation of Improperly Controlled Registers"
ot_gpio,Register read enable (reg_re) in gpio_reg_top module,"Integrity, Availability","CWE-441, CWE-1223, CWE-1231","CAPEC-26: Leveraging Race Conditions, CAPEC-680: Exploitation of Improperly Controlled Registers"
ot_gpio,Register interface error indicator (reg_error) in gpio_reg_top module,"Integrity, Availability","CWE-1223, CWE-1231, CWE-1233","CAPEC-26: Leveraging Race Conditions, CAPEC-176: Configuration/Environment Manipulation, CAPEC-680: Exploitation of Improperly Controlled Registers"
ot_gpio,Outgoing integrity/error indicator- external (intg_err_o) in gpio_reg_top module,Integrity,"CWE-1224, CWE-1262, CWE-1263, CWE-1276","CAPEC-401: Physically Hacking Hardware, CAPEC-680: Exploitation of Improperly Controlled Registers"
ot_gpio,Latched/permanent integrity error state (err_q) in gpio_reg_top module,Integrity,"CWE-440, CWE-1220, CWE-1262","CAPEC-180: Exploiting Incorrectly Configured Access Control Security Levels, CAPEC-680: Exploitation of Improperly Controlled Registers"
rc4,Key/password input byte port (password_input),"Confidentiality, Integrity","CWE-1233, CWE-1234, CWE-1271","CAPEC-74: Manipulating State, CAPEC-150: Collect Data from Common Resource Locations, CAPEC-176: Configuration/Environment Manipulation"
rc4,Stored key array (key),"Confidentiality, Integrity","CWE-1231, CWE-1233, CWE-1271","CAPEC-74: Manipulating State, CAPEC-150: Collect Data from Common Resource Locations, CAPEC-176: Configuration/Environment Manipulation, CAPEC-680: Exploitation of Improperly Controlled Registers"
rc4,Keystream output byte (K),"Confidentiality, Availability","CWE-1223, CWE-1233, CWE-1271","CAPEC-26: Leveraging Race Conditions, CAPEC-74: Manipulating State, CAPEC-150: Collect Data from Common Resource Locations, CAPEC-176: Configuration/Environment Manipulation"
rc4,Output valid/ready indicator (output_ready),Availability,"CWE-440, CWE-1245, CWE-1276","CAPEC-74: Manipulating State, CAPEC-150: Collect Data from Common Resource Locations"
robust_axi2apb,APB enable phase control (penable) in axi2apb module,Integrity,"CWE-1220, CWE-1276, CWE-1317","CAPEC-122: Privilege Abuse, CAPEC-180: Exploiting Incorrectly Configured Access Control Security Levels"
robust_axi2apb,APB write/read direction control (pwrite) in axi2apb module,Integrity,"CWE-1262, CWE-1311, CWE-1317","CAPEC-122: Privilege Abuse, CAPEC-180: Exploiting Incorrectly Configured Access Control Security Levels, CAPEC-680: Exploitation of Improperly Controlled Registers"
robust_axi2apb,APB address bus (paddr) in axi2apb module,Integrity,"CWE-1220, CWE-1262, CWE-1317","CAPEC-122: Privilege Abuse, CAPEC-180: Exploiting Incorrectly Configured Access Control Security Levels, CAPEC-680: Exploitation of Improperly Controlled Registers"
robust_axi2apb,APB write data bus (pwdata) in axi2apb module,Integrity,"CWE-1262, CWE-1280, CWE-1311","CAPEC-74: Manipulating State, CAPEC-180: Exploiting Incorrectly Configured Access Control Security Levels, CAPEC-680: Exploitation of Improperly Controlled Registers"
robust_axi2apb,Command error status (cmd_err) in axi2apb module,Integrity,"CWE-1262, CWE-1280, CWE-1311","CAPEC-180: Exploiting Incorrectly Configured Access Control Security Levels, CAPEC-680: Exploitation of Improperly Controlled Registers, CAPEC-682: Exploitation of Firmware or ROM Code with Unpatchable Vulnerabilities"
robust_axi2apb,Write completion indicator (finish_wr) in axi2apb module,Availability,"CWE-440, CWE-1245, CWE-1276",CAPEC-74: Manipulating State
robust_axi2apb,Read completion indicator (finish_rd) in axi2apb module,Availability,"CWE-1276, CWE-1317, CWE-1429",CAPEC-122: Privilege Abuse
robust_axi2apb,Command FIFO empty status (cmd_empty) in axi2apb module,Availability,"CWE-440, CWE-1220, CWE-1276",CAPEC-180: Exploiting Incorrectly Configured Access Control Security Levels
robust_axi2apb,Write completion indicator (finish_wr) in axi2apb_cmd module,Availability,"CWE-1220, CWE-1248, CWE-1276","CAPEC-74: Manipulating State, CAPEC-180: Exploiting Incorrectly Configured Access Control Security Levels, CAPEC-624: Hardware Fault Injection"
robust_axi2apb,Read completion indicator (finish_rd) in axi2apb_cmd module,Availability,"CWE-1276, CWE-1317, CWE-1318","CAPEC-74: Manipulating State, CAPEC-122: Privilege Abuse, CAPEC-180: Exploiting Incorrectly Configured Access Control Security Levels"
robust_axi2apb,Command FIFO empty status (cmd_empty) in axi2apb_cmd module,Availability,"CWE-440, CWE-1245, CWE-1276",CAPEC-74: Manipulating State
robust_axi2apb,Command error flag (cmd_err) in axi2apb_cmd module,Integrity,"CWE-1220, CWE-1262, CWE-1276","CAPEC-180: Exploiting Incorrectly Configured Access Control Security Levels, CAPEC-680: Exploitation of Improperly Controlled Registers, CAPEC-682: Exploitation of Firmware or ROM Code with Unpatchable Vulnerabilities"
robust_axi2apb,Command FIFO full status (cmd_full) in axi2apb_cmd module,Availability,"CWE-1248, CWE-1276, CWE-1318","CAPEC-74: Manipulating State, CAPEC-180: Exploiting Incorrectly Configured Access Control Security Levels, CAPEC-624: Hardware Fault Injection"
robust_axi2apb,APB select control (psel) in axi2apb_ctrl module,Integrity,"CWE-1262, CWE-1311, CWE-1317","CAPEC-122: Privilege Abuse, CAPEC-180: Exploiting Incorrectly Configured Access Control Security Levels, CAPEC-680: Exploitation of Improperly Controlled Registers"
robust_axi2apb,APB enable sequencing (penable) in axi2apb_ctrl module,Integrity,"CWE-1262, CWE-1311, CWE-1317","CAPEC-122: Privilege Abuse, CAPEC-180: Exploiting Incorrectly Configured Access Control Security Levels, CAPEC-680: Exploitation of Improperly Controlled Registers"
robust_axi2apb,APB write direction control (pwrite) in axi2apb_ctrl module,Integrity,"CWE-1262, CWE-1311, CWE-1317","CAPEC-122: Privilege Abuse, CAPEC-180: Exploiting Incorrectly Configured Access Control Security Levels, CAPEC-680: Exploitation of Improperly Controlled Registers"
robust_axi2apb,Write completion indicator (finish_wr) in axi2apb_ctrl module,Availability,"CWE-1245, CWE-1276, CWE-1299","CAPEC-74: Manipulating State, CAPEC-456: Infected Memory"
robust_axi2apb,Read completion indicator (finish_rd) in axi2apb_ctrl module,Availability,"CWE-440, CWE-1245, CWE-1276",CAPEC-74: Manipulating State
robust_axi2apb,Command empty status (cmd_empty) in axi2apb_ctrl module,Availability,"CWE-1221, CWE-1245, CWE-1276","CAPEC-74: Manipulating State, CAPEC-166: Force the System to Reset Values"
robust_axi2apb,APB ready handshake (pready) in axi2apb_ctrl module,Availability,"CWE-1245, CWE-1276, CWE-1318","CAPEC-74: Manipulating State, CAPEC-180: Exploiting Incorrectly Configured Access Control Security Levels"
robust_axi2apb,Command readiness indicator (cmd_ready) in axi2apb_ctrl module,Availability,"CWE-1245, CWE-1276, CWE-1317","CAPEC-74: Manipulating State, CAPEC-122: Privilege Abuse"
robust_axi2apb,APB command address (cmd_addr) in axi2apb_mux module,Integrity,"CWE-1262, CWE-1311, CWE-1317","CAPEC-122: Privilege Abuse, CAPEC-180: Exploiting Incorrectly Configured Access Control Security Levels, CAPEC-680: Exploitation of Improperly Controlled Registers"
robust_axi2apb,APB select control (from controller) (psel) in axi2apb_mux module,Integrity,"CWE-1262, CWE-1311, CWE-1317","CAPEC-122: Privilege Abuse, CAPEC-180: Exploiting Incorrectly Configured Access Control Security Levels, CAPEC-680: Exploitation of Improperly Controlled Registers"
robust_axi2apb,APB read data to bridge (prdata) in axi2apb_mux module,Availability,"CWE-1276, CWE-1299, CWE-1318","CAPEC-180: Exploiting Incorrectly Configured Access Control Security Levels, CAPEC-456: Infected Memory"
robust_axi2apb,APB slave error to bridge (pslverr) in axi2apb_mux module,Integrity,"CWE-1220, CWE-1276, CWE-1311",CAPEC-180: Exploiting Incorrectly Configured Access Control Security Levels
robust_axi2apb,Command error indicator input (cmd_err) in axi2apb_rd module,Integrity,"CWE-1220, CWE-1262, CWE-1280","CAPEC-180: Exploiting Incorrectly Configured Access Control Security Levels, CAPEC-680: Exploitation of Improperly Controlled Registers"
robust_axi2apb,Read operation completion indicator (finish_rd) in axi2apb_rd module,Availability,"CWE-1220, CWE-1276, CWE-1318",CAPEC-180: Exploiting Incorrectly Configured Access Control Security Levels
robust_axi2apb,Command error flag input (cmd_err) in axi2apb_wr module,Integrity,"CWE-1220, CWE-1276, CWE-1311",CAPEC-180: Exploiting Incorrectly Configured Access Control Security Levels
robust_axi2apb,Write completion indicator (finish_wr) in axi2apb_wr module,Availability,"CWE-1220, CWE-1276, CWE-1318",CAPEC-180: Exploiting Incorrectly Configured Access Control Security Levels
sha3,Input padded data block (in) in f_permutation module,Confidentiality,"CWE-1220, CWE-1240, CWE-1276, CWE-1431","CAPEC-97: Cryptanalysis, CAPEC-180: Exploiting Incorrectly Configured Access Control Security Levels, CAPEC-545: Pull Data from System Resources"
sha3,Permutation state output bus (out) in f_permutation module,Confidentiality,"CWE-1244, CWE-1258, CWE-1431","CAPEC-37: Retrieve Embedded Sensitive Data, CAPEC-114: Authentication Abuse, CAPEC-545: Pull Data from System Resources"
sha3,Input data ready handshake (in_ready) in f_permutation module,Availability,"CWE-1245, CWE-1248, CWE-1276","CAPEC-74: Manipulating State, CAPEC-624: Hardware Fault Injection"
sha3,Output data ready handshake (out_ready) in f_permutation module,Availability,"CWE-440, CWE-1245, CWE-1248, CWE-1276","CAPEC-74: Manipulating State, CAPEC-624: Hardware Fault Injection"
sha3,Input acceptance acknowledge (ack) in f_permutation module,Availability,"CWE-440, CWE-1245, CWE-1429",CAPEC-74: Manipulating State
sha3,First round constant (rc1) in f_permutation module,Integrity,"CWE-440, CWE-1221, CWE-1240, CWE-1276","CAPEC-97: Cryptanalysis, CAPEC-166: Force the System to Reset Values, CAPEC-545: Pull Data from System Resources"
sha3,Second round constant (rc2) in f_permutation module,Integrity,"CWE-440, CWE-1221, CWE-1240, CWE-1276","CAPEC-97: Cryptanalysis, CAPEC-166: Force the System to Reset Values, CAPEC-545: Pull Data from System Resources"
sha3,Input message data chunk (in[63:0]) in keccak module,Confidentiality,"CWE-1220, CWE-1276, CWE-1431","CAPEC-180: Exploiting Incorrectly Configured Access Control Security Levels, CAPEC-545: Pull Data from System Resources"
sha3,Last-chunk indicator (is_last) in keccak module,Integrity,"CWE-440, CWE-1221, CWE-1276",CAPEC-166: Force the System to Reset Values
sha3,Input valid/ready handshake from source (in_ready) in keccak module,Availability,"CWE-440, CWE-1248, CWE-1276",CAPEC-624: Hardware Fault Injection
sha3,Digest output (out[511:0]) in keccak module,Availability,"CWE-440, CWE-1245, CWE-1248, CWE-1276","CAPEC-74: Manipulating State, CAPEC-624: Hardware Fault Injection"
sha3,Output data valid indicator (out_ready) in keccak module,Availability,"CWE-440, CWE-1245, CWE-1276",CAPEC-74: Manipulating State
sha3,Permutation input acknowledge (f_ack) in keccak module,Availability,"CWE-440, CWE-1245, CWE-1276",CAPEC-74: Manipulating State
sha3,Permutation output ready indicator (f_out_ready) in keccak module,Availability,"CWE-440, CWE-1245, CWE-1276",CAPEC-74: Manipulating State
sha3,Padded data output bus (out) in padder module,Confidentiality,"CWE-1276, CWE-1318, CWE-1431","CAPEC-180: Exploiting Incorrectly Configured Access Control Security Levels, CAPEC-545: Pull Data from System Resources"
sha3,Input message data word (in) in padder module,"Confidentiality, Integrity","CWE-441, CWE-1190, CWE-1223","CAPEC-26: Leveraging Race Conditions, CAPEC-180: Exploiting Incorrectly Configured Access Control Security Levels, CAPEC-545: Pull Data from System Resources"
sha3,Last-chunk indicator (is_last) in padder module,Integrity,"CWE-440, CWE-1221, CWE-1276","CAPEC-166: Force the System to Reset Values, CAPEC-545: Pull Data from System Resources"
sha3,Upstream readiness indicator (in_ready) in padder module,Availability,"CWE-440, CWE-1248, CWE-1276",CAPEC-624: Hardware Fault Injection
sha3,Padded block ready indicator (out_ready) in padder module,Availability,"CWE-440, CWE-1245, CWE-1276",CAPEC-74: Manipulating State
sha3,Permutation acknowledgment (f_ack) in padder module,Availability,"CWE-440, CWE-1245, CWE-1276",CAPEC-74: Manipulating State
sha3,Padding completion flag (done) in padder module,Availability,"CWE-440, CWE-1245, CWE-1248","CAPEC-74: Manipulating State, CAPEC-624: Hardware Fault Injection"
sha3,Input message data word (in) in padder1 module,"Confidentiality, Integrity","CWE-1223, CWE-1231, CWE-1271","CAPEC-26: Leveraging Race Conditions, CAPEC-74: Manipulating State, CAPEC-545: Pull Data from System Resources, CAPEC-680: Exploitation of Improperly Controlled Registers"
sha3,Padded output data word (out) in padder1 module,"Confidentiality, Availability","CWE-441, CWE-1190, CWE-1234","CAPEC-176: Configuration/Environment Manipulation, CAPEC-180: Exploiting Incorrectly Configured Access Control Security Levels, CAPEC-545: Pull Data from System Resources"
sha3,First round constant output (rc1) in rconst2in1 module,"Integrity, Availability","CWE-1223, CWE-1231, CWE-1271","CAPEC-26: Leveraging Race Conditions, CAPEC-74: Manipulating State, CAPEC-545: Pull Data from System Resources, CAPEC-680: Exploitation of Improperly Controlled Registers"
sha3,Second round constant output (rc2) in rconst2in1 module,"Integrity, Availability","CWE-1231, CWE-1233, CWE-1271","CAPEC-74: Manipulating State, CAPEC-176: Configuration/Environment Manipulation, CAPEC-545: Pull Data from System Resources, CAPEC-680: Exploitation of Improperly Controlled Registers"
sha3,Keccak state input bus (in) in round2in1 module,Confidentiality,"CWE-1276, CWE-1318, CWE-1431","CAPEC-180: Exploiting Incorrectly Configured Access Control Security Levels, CAPEC-545: Pull Data from System Resources"
sha3,Keccak two-round output state (out) in round2in1 module,Confidentiality,"CWE-1220, CWE-1240, CWE-1431","CAPEC-97: Cryptanalysis, CAPEC-180: Exploiting Incorrectly Configured Access Control Security Levels, CAPEC-545: Pull Data from System Resources"
sha3,Round constant for iota (round 1 of the two-round block) (round_const_1) in round2in1 module,Integrity,"CWE-440, CWE-1221, CWE-1240, CWE-1276","CAPEC-97: Cryptanalysis, CAPEC-166: Force the System to Reset Values, CAPEC-545: Pull Data from System Resources"
sha3,Round constant for iota (round 2 of the two-round block) (round_const_2) in round2in1 module,Integrity,"CWE-440, CWE-1221, CWE-1276",CAPEC-166: Force the System to Reset Values
simple_gpio,WISHBONE write enable (we_i),Integrity,"CWE-1220, CWE-1262, CWE-1280","CAPEC-74: Manipulating State, CAPEC-180: Exploiting Incorrectly Configured Access Control Security Levels, CAPEC-680: Exploitation of Improperly Controlled Registers"
simple_gpio,WISHBONE acknowledge (ack_o),Availability,"CWE-440, CWE-1221, CWE-1276","CAPEC-74: Manipulating State, CAPEC-166: Force the System to Reset Values"
simple_gpio,WISHBONE strobe (stb_i),Availability,"CWE-440, CWE-1221, CWE-1276",CAPEC-166: Force the System to Reset Values
tiny_aes,Encryption key input (key) in aes_128 module,Confidentiality,"CWE-1240, CWE-1243, CWE-1258, CWE-1431","CAPEC-97: Cryptanalysis, CAPEC-116: Excavation, CAPEC-121: Exploit Non-Production Interfaces, CAPEC-545: Pull Data from System Resources, CAPEC-680: Exploitation of Improperly Controlled Registers"
tiny_aes,Plaintext state input (state) in aes_128 module,Confidentiality,"CWE-1240, CWE-1276, CWE-1431","CAPEC-97: Cryptanalysis, CAPEC-545: Pull Data from System Resources, CAPEC-680: Exploitation of Improperly Controlled Registers"
tiny_aes,Ciphertext output (out) in aes_128 module,Availability,"CWE-1248, CWE-1276, CWE-1318","CAPEC-180: Exploiting Incorrectly Configured Access Control Security Levels, CAPEC-624: Hardware Fault Injection, CAPEC-680: Exploitation of Improperly Controlled Registers"
tiny_aes,Key input to key expansion (in) in aes_128 module,Confidentiality,"CWE-1240, CWE-1276, CWE-1431","CAPEC-97: Cryptanalysis, CAPEC-545: Pull Data from System Resources"
tiny_aes,Round constant input (rcon) in aes_128 module,Integrity,"CWE-1221, CWE-1262, CWE-1276","CAPEC-166: Force the System to Reset Values, CAPEC-545: Pull Data from System Resources, CAPEC-680: Exploitation of Improperly Controlled Registers"
tiny_aes,"Expanded key outputs (registered and combinational) (out_1, out_2) in aes_128 module",Confidentiality,"CWE-1244, CWE-1258, CWE-1431","CAPEC-37: Retrieve Embedded Sensitive Data, CAPEC-114: Authentication Abuse, CAPEC-545: Pull Data from System Resources, CAPEC-680: Exploitation of Improperly Controlled Registers"
tiny_aes,Round input state (state_in) in round module,"Confidentiality, Integrity","CWE-441, CWE-1223, CWE-1234","CAPEC-26: Leveraging Race Conditions, CAPEC-176: Configuration/Environment Manipulation, CAPEC-545: Pull Data from System Resources"
tiny_aes,Round key input (key) in round module,Confidentiality,"CWE-1240, CWE-1262, CWE-1431","CAPEC-97: Cryptanalysis, CAPEC-545: Pull Data from System Resources, CAPEC-680: Exploitation of Improperly Controlled Registers"
tiny_aes,Round output state (state_out) in round module,Availability,"CWE-1245, CWE-1248, CWE-1276","CAPEC-74: Manipulating State, CAPEC-624: Hardware Fault Injection"
tiny_aes,Final-round input state (state_in) in round module,"Confidentiality, Integrity","CWE-1223, CWE-1231, CWE-1233","CAPEC-26: Leveraging Race Conditions, CAPEC-176: Configuration/Environment Manipulation, CAPEC-545: Pull Data from System Resources, CAPEC-680: Exploitation of Improperly Controlled Registers"
tiny_aes,Final-round key input (key_in) in round module,Confidentiality,"CWE-1240, CWE-1262, CWE-1431","CAPEC-97: Cryptanalysis, CAPEC-545: Pull Data from System Resources, CAPEC-680: Exploitation of Improperly Controlled Registers"
tiny_aes,Ciphertext output (state_out) in round module,Availability,"CWE-1221, CWE-1248, CWE-1276","CAPEC-166: Force the System to Reset Values, CAPEC-624: Hardware Fault Injection"
tiny_aes,AES state word input (state) in table module,Confidentiality,"CWE-1244, CWE-1258, CWE-1431","CAPEC-37: Retrieve Embedded Sensitive Data, CAPEC-114: Authentication Abuse, CAPEC-545: Pull Data from System Resources, CAPEC-680: Exploitation of Improperly Controlled Registers"
tiny_aes,"Table lookup partial results (p0, p1, p2, p3) in table module","Confidentiality, Integrity","CWE-441, CWE-1190, CWE-1234","CAPEC-121: Exploit Non-Production Interfaces, CAPEC-176: Configuration/Environment Manipulation, CAPEC-180: Exploiting Incorrectly Configured Access Control Security Levels"
wb_gpio,Wishbone write enable (wb_we_i),Integrity,"CWE-1220, CWE-1262, CWE-1280","CAPEC-74: Manipulating State, CAPEC-180: Exploiting Incorrectly Configured Access Control Security Levels, CAPEC-545: Pull Data from System Resources, CAPEC-680: Exploitation of Improperly Controlled Registers"
wb_gpio,GPIO direction register outputs (gpio_dir_o),Integrity,"CWE-1221, CWE-1224, CWE-1262","CAPEC-74: Manipulating State, CAPEC-166: Force the System to Reset Values, CAPEC-680: Exploitation of Improperly Controlled Registers"
wb_gpio,Wishbone error indicator (wb_err_o),Integrity,"CWE-440, CWE-1221, CWE-1276",CAPEC-166: Force the System to Reset Values
wb_gpio,Wishbone strobe qualifier (wb_stb_i),Availability,"CWE-440, CWE-1221, CWE-1276",CAPEC-166: Force the System to Reset Values
wb_gpio,Wishbone acknowledge (wb_ack_o),Availability,"CWE-440, CWE-1276, CWE-1318",CAPEC-180: Exploiting Incorrectly Configured Access Control Security Levels
wb_gpio,GPIO output data (gpio_o),Availability,"CWE-1221, CWE-1248, CWE-1276","CAPEC-74: Manipulating State, CAPEC-166: Force the System to Reset Values, CAPEC-624: Hardware Fault Injection"
wb_gpio,GPIO input pins (gpio_i),Availability,"CWE-1220, CWE-1221, CWE-1276","CAPEC-74: Manipulating State, CAPEC-166: Force the System to Reset Values, CAPEC-180: Exploiting Incorrectly Configured Access Control Security Levels"
